raw_filename,run_id,source_commit,schema_version,method_identity,cohort,execution_index,configured_concurrency,repetition,pair_index,position_in_pair,cell_id,protection_mode,protection_bound,planned,offered,dispatched,capacity_attempted,capacity_admitted,capacity_refused,protected_writer_entered,writer_terminal,terminal,acknowledged_accepted,acceptance_proportion,refusal_proportion,acknowledged_accepted_throughput_per_second,observed_elapsed_ns,public_call_p50_ms,public_call_p95_ms,accepted_public_call_p50_ms,protected_body_p50_ms,protected_body_p95_ms,public_call_sample_count,admitted_latency_sample_count,public_call_max_overlap,protected_body_max_overlap,native_writer_failures,problems_count,harness_failures_count,residual_count,incomplete,cleanup_completed,last_capacity_refusal_ns,first_protected_body_completion_ns,last_refusal_before_first_completion,refusal_to_first_completion_gap_ms,business_uow_p50_ms,append_admission_p50_ms,commit_finalization_p50_ms,validation_runtime_p50_us,preliminary_idempotency_p50_ms,accepted_history_load_p50_ms,preliminary_read_cleanup_p50_ms,authoritative_idempotency_p50_ms,idempotency_record_p50_ms,producer_write_invocation_p50_ms
010-recorded-n8-unprotected-r00.json,pr4-20260910T114905838802Z-e08b79801f9f,e08b79801f9f2c28ad050902700287df5c4968bf,1,pr4-protected-vs-unprotected-v1,recorded,10,8,0,5,0,pr4-level-0-recorded-unprotected,unprotected,,512,512,512,,,,,512,512,512,1,,1169.5148369346261,437788375,6.632083,8.926487799999999,6.632083,,,512,512,8,,0,0,0,0,false,true,,,,,3.960813,1.2065625,0.733188,6.396,1.1821875,0.5423955,0.484188,1.1064375,0.548521,6.6071455
011-recorded-n8-protected-r00.json,pr4-20260910T114905838802Z-e08b79801f9f,e08b79801f9f2c28ad050902700287df5c4968bf,1,pr4-protected-vs-unprotected-v1,recorded,11,8,0,5,1,pr4-level-0-recorded-protected,protected,8,512,512,512,512,512,0,512,512,512,512,1,0,1222.1245124657094,418942583,6.3395415,8.37227515,6.3395415,6.335167,8.3673481,512,512,8,8,0,0,0,0,false,true,,4615212994638875,,,3.771104,1.139396,0.7137295,6.667,1.1219795,0.5278125,0.465917,1.042271,0.523792,6.311729
012-recorded-n10-protected-r00.json,pr4-20260910T114905838802Z-e08b79801f9f,e08b79801f9f2c28ad050902700287df5c4968bf,1,pr4-protected-vs-unprotected-v1,recorded,12,10,0,6,0,pr4-level-1-recorded-protected,protected,8,512,512,512,512,8,504,8,8,512,8,0.015625,0.984375,350.6862074281739,22812417,0.001667,0.002102449999999999,22.2664795,22.2614165,22.51808345,512,8,9,8,0,0,0,0,false,true,4615214844706833,4615214855295791,true,10.588958,4.7331455,1.3545215,1.237333,8.3955,16.113271,0.6183335,0.656333,1.6274795,0.649896,22.2335835
013-recorded-n10-unprotected-r00.json,pr4-20260910T114905838802Z-e08b79801f9f,e08b79801f9f2c28ad050902700287df5c4968bf,1,pr4-protected-vs-unprotected-v1,recorded,13,10,0,6,1,pr4-level-1-recorded-unprotected,unprotected,,512,512,512,,,,,512,512,512,1,,1154.9717784788943,443300875,8.4505835,10.819675,8.4505835,,,512,512,10,,0,0,0,0,false,true,,,,,5.238792,1.660125,0.9315415,6.6875,1.558875,0.7262915,0.6761255,1.5888335,0.7323955,8.424188
014-recorded-n12-unprotected-r00.json,pr4-20260910T114905838802Z-e08b79801f9f,e08b79801f9f2c28ad050902700287df5c4968bf,1,pr4-protected-vs-unprotected-v1,recorded,14,12,0,7,0,pr4-level-2-recorded-unprotected,unprotected,,512,512,512,,,,,512,512,512,1,,1102.5571031928048,464375041,10.5896875,13.518580949999999,10.5896875,,,512,512,12,,0,0,0,0,false,true,,,,,6.4394165,2.072979,1.2184585,6.709,1.9556045,0.9721875,0.881396,1.9721245,1.0287495,10.5635625
015-recorded-n12-protected-r00.json,pr4-20260910T114905838802Z-e08b79801f9f,e08b79801f9f2c28ad050902700287df5c4968bf,1,pr4-protected-vs-unprotected-v1,recorded,15,12,0,7,1,pr4-level-2-recorded-protected,protected,8,512,512,512,512,8,504,8,8,512,8,0.015625,0.984375,369.5406148231979,21648500,0.001667,0.004541,21.0168545,21.0098335,21.36280055,512,8,9,8,0,0,0,0,false,true,4615219800629708,4615219810759083,true,10.129375,4.2913335,1.2805005,0.8804585,7.8955,15.100562,0.7230625,0.805021,1.5115625,0.554479,20.9792915
016-recorded-n16-protected-r00.json,pr4-20260910T114905838802Z-e08b79801f9f,e08b79801f9f2c28ad050902700287df5c4968bf,1,pr4-protected-vs-unprotected-v1,recorded,16,16,0,8,0,pr4-level-3-recorded-protected,protected,8,512,512,512,512,8,504,8,8,512,8,0.015625,0.984375,384.86517691771104,20786500,0.001708,0.003829349999999999,19.985188,19.956354,20.2732875,512,8,9,8,0,0,0,0,false,true,4615220952201291,4615220960481250,true,8.279959,4.466854,1.5678955,0.87825,8.333,13.599021,0.534312,1.1952085,1.148042,0.8839165,19.9269585
017-recorded-n16-unprotected-r00.json,pr4-20260910T114905838802Z-e08b79801f9f,e08b79801f9f2c28ad050902700287df5c4968bf,1,pr4-protected-vs-unprotected-v1,recorded,17,16,0,8,1,pr4-level-3-recorded-unprotected,unprotected,,512,512,512,,,,,512,512,512,1,,1100.7115203501126,465153667,14.407833,17.26266455,14.407833,,,512,512,16,,0,0,0,0,false,true,,,,,8.7085415,2.785042,1.6147915,6.7705,2.7451665,1.317104,1.2254795,2.682312,1.318937,14.381
018-recorded-n32-unprotected-r00.json,pr4-20260910T114905838802Z-e08b79801f9f,e08b79801f9f2c28ad050902700287df5c4968bf,1,pr4-protected-vs-unprotected-v1,recorded,18,32,0,9,0,pr4-level-4-recorded-unprotected,unprotected,,512,512,512,,,,,512,512,512,1,,1109.0981437113182,461636333,28.180854,35.8249917,28.180854,,,512,512,32,,0,0,0,0,false,true,,,,,16.7199375,5.4950415,2.894167,6.7915,5.258146,2.6938545,2.5330415,5.333292,2.6532915,28.153146
019-recorded-n32-protected-r00.json,pr4-20260910T114905838802Z-e08b79801f9f,e08b79801f9f2c28ad050902700287df5c4968bf,1,pr4-protected-vs-unprotected-v1,recorded,19,32,0,9,1,pr4-level-4-recorded-protected,protected,8,512,512,512,512,8,504,8,8,512,8,0.015625,0.984375,368.161689987332,21729583,0.001792,0.0026954999999999974,20.905021,20.897854,21.33621875,512,8,9,8,0,0,0,0,false,true,4615226257593791,4615226265445916,true,7.852125,4.5945625,1.35075,1.3951245,10.5625,14.440229,0.767979,0.6649165,1.309583,0.588583,20.865083
020-recorded-n8-protected-r01.json,pr4-20260910T114905838802Z-e08b79801f9f,e08b79801f9f2c28ad050902700287df5c4968bf,1,pr4-protected-vs-unprotected-v1,recorded,20,8,1,10,0,pr4-level-0-recorded-protected,protected,8,512,512,512,512,512,0,512,512,512,512,1,0,1177.4962518649947,434820917,6.6183955,8.5070622,6.6183955,6.6135,8.5010205,512,512,8,8,0,0,0,0,false,true,,4615227363956583,,,4.072896,1.2012285,0.740729,6.458,1.1513125,0.545583,0.504104,1.1700625,0.5652295,6.588854
021-recorded-n8-unprotected-r01.json,pr4-20260910T114905838802Z-e08b79801f9f,e08b79801f9f2c28ad050902700287df5c4968bf,1,pr4-protected-vs-unprotected-v1,recorded,21,8,1,10,1,pr4-level-0-recorded-unprotected,unprotected,,512,512,512,,,,,512,512,512,1,,1135.5768607468733,450872167,6.697479,9.28499375,6.697479,,,512,512,8,,0,0,0,0,false,true,,,,,4.0278545,1.3116245,0.7260625,6.708,1.188271,0.538583,0.4892085,1.1495625,0.5638335,6.6719375
022-recorded-n10-unprotected-r01.json,pr4-20260910T114905838802Z-e08b79801f9f,e08b79801f9f2c28ad050902700287df5c4968bf,1,pr4-protected-vs-unprotected-v1,recorded,22,10,1,11,0,pr4-level-1-recorded-unprotected,unprotected,,512,512,512,,,,,512,512,512,1,,1134.0210181493198,451490750,8.6163745,10.953516449999999,8.6163745,,,512,512,10,,0,0,0,0,false,true,,,,,5.204271,1.6847505,0.98825,6.708,1.679875,0.7842915,0.6778965,1.531938,0.7804795,8.5896665
023-recorded-n10-protected-r01.json,pr4-20260910T114905838802Z-e08b79801f9f,e08b79801f9f2c28ad050902700287df5c4968bf,1,pr4-protected-vs-unprotected-v1,recorded,23,10,1,11,1,pr4-level-1-recorded-protected,protected,8,512,512,512,512,8,504,8,8,512,8,0.015625,0.984375,343.1733427751759,23311834,0.001583,0.001833,21.3852705,21.3806245,22.51258925,512,8,9,8,0,0,0,0,false,true,4615233073051875,4615233083501125,true,10.44925,4.447063,1.631958,1.104896,9.3545,15.645792,0.557667,0.593229,1.265104,0.55225,21.354125
024-recorded-n12-protected-r01.json,pr4-20260910T114905838802Z-e08b79801f9f,e08b79801f9f2c28ad050902700287df5c4968bf,1,pr4-protected-vs-unprotected-v1,recorded,24,12,1,12,0,pr4-level-2-recorded-protected,protected,8,512,512,512,512,8,504,8,8,512,8,0.015625,0.984375,392.59790029809466,20377083,0.001583,0.0019774499999999995,19.7140625,19.7074585,20.025589800000002,512,8,9,8,0,0,0,0,false,true,4615234189974250,4615234197993458,true,8.019208,5.748396,2.131604,1.8852085,10.0005,12.5606255,0.737229,0.4835625,0.9811665,0.619438,19.6729585
025-recorded-n12-unprotected-r01.json,pr4-20260910T114905838802Z-e08b79801f9f,e08b79801f9f2c28ad050902700287df5c4968bf,1,pr4-protected-vs-unprotected-v1,recorded,25,12,1,12,1,pr4-level-2-recorded-unprotected,unprotected,,512,512,512,,,,,512,512,512,1,,1125.9328614899098,454734041,10.427229,12.9588375,10.427229,,,512,512,12,,0,0,0,0,false,true,,,,,6.305229,2.037042,1.1560625,6.5625,2.011396,0.9582915,0.9060625,1.9538335,0.9636875,10.3991045
026-recorded-n16-unprotected-r01.json,pr4-20260910T114905838802Z-e08b79801f9f,e08b79801f9f2c28ad050902700287df5c4968bf,1,pr4-protected-vs-unprotected-v1,recorded,26,16,1,13,0,pr4-level-3-recorded-unprotected,unprotected,,512,512,512,,,,,512,512,512,1,,1133.7245010579222,451608834,13.808125,17.4636894,13.808125,,,512,512,16,,0,0,0,0,false,true,,,,,8.3333955,2.67075,1.5321665,6.7915,2.6938125,1.2933755,1.185042,2.6164585,1.28575,13.7817705
027-recorded-n16-protected-r01.json,pr4-20260910T114905838802Z-e08b79801f9f,e08b79801f9f2c28ad050902700287df5c4968bf,1,pr4-protected-vs-unprotected-v1,recorded,27,16,1,13,1,pr4-level-3-recorded-protected,protected,8,512,512,512,512,8,504,8,8,512,8,0.015625,0.984375,364.74786644155034,21932959,0.001709,0.00204145,21.303458,21.296188,21.6777455,512,8,9,8,0,0,0,0,false,true,4615239159078791,4615239168162541,true,9.08375,3.979396,1.2024795,0.9096455,10.563,15.840687,0.6236875,0.586792,1.240604,0.673167,21.2662295
028-recorded-n32-protected-r01.json,pr4-20260910T114905838802Z-e08b79801f9f,e08b79801f9f2c28ad050902700287df5c4968bf,1,pr4-protected-vs-unprotected-v1,recorded,28,32,1,14,0,pr4-level-4-recorded-protected,protected,8,512,512,512,512,8,504,8,8,512,8,0.015625,0.984375,342.7322805911481,23341834,0.001916,0.002375,22.2725835,22.2087705,22.77222775,512,8,9,8,0,0,0,0,false,true,4615240457613250,4615240466519625,true,8.906375,5.9500205,1.3353955,1.607188,12.3955,14.8397705,0.659063,0.571,2.1715625,0.7026665,22.156104
029-recorded-n32-unprotected-r01.json,pr4-20260910T114905838802Z-e08b79801f9f,e08b79801f9f2c28ad050902700287df5c4968bf,1,pr4-protected-vs-unprotected-v1,recorded,29,32,1,14,1,pr4-level-4-recorded-unprotected,unprotected,,512,512,512,,,,,512,512,512,1,,1099.940241664562,465479833,28.6269585,35.8989208,28.6269585,,,512,512,32,,0,0,0,0,false,true,,,,,16.827375,5.4230625,2.7642495,6.833,5.620813,2.7796665,2.550521,5.4125835,2.6583335,28.5991875
030-recorded-n8-unprotected-r02.json,pr4-20260910T114905838802Z-e08b79801f9f,e08b79801f9f2c28ad050902700287df5c4968bf,1,pr4-protected-vs-unprotected-v1,recorded,30,8,2,15,0,pr4-level-0-recorded-unprotected,unprotected,,512,512,512,,,,,512,512,512,1,,1142.694115095847,448063916,6.6015625,10.849329099999997,6.6015625,,,512,512,8,,0,0,0,0,false,true,,,,,4.0924375,1.200875,0.759333,6.792,1.1689585,0.5495,0.493938,1.2122295,0.5522715,6.5762085
031-recorded-n8-protected-r02.json,pr4-20260910T114905838802Z-e08b79801f9f,e08b79801f9f2c28ad050902700287df5c4968bf,1,pr4-protected-vs-unprotected-v1,recorded,31,8,2,15,1,pr4-level-0-recorded-protected,protected,8,512,512,512,512,512,0,512,512,512,512,1,0,1175.2920096209496,435636417,6.6265415,8.869877050000001,6.6265415,6.6215415,8.86476845,512,512,8,8,0,0,0,0,false,true,,4615245644550708,,,4.0005415,1.1613125,0.747437,6.667,1.1709165,0.5594795,0.4753335,1.1327915,0.544188,6.59625
032-recorded-n10-protected-r02.json,pr4-20260910T114905838802Z-e08b79801f9f,e08b79801f9f2c28ad050902700287df5c4968bf,1,pr4-protected-vs-unprotected-v1,recorded,32,10,2,16,0,pr4-level-1-recorded-protected,protected,8,512,512,512,512,8,504,8,8,512,8,0.015625,0.984375,419.1261073966642,19087334,0.001625,0.0029081499999999982,18.4643955,18.4566665,18.76066075,512,8,9,8,0,0,0,0,false,true,4615247577249291,4615247583303791,true,6.0545,4.0875625,1.325479,0.8425835,8.229,12.8318755,0.818771,0.491875,1.25375,0.5715,18.4105205
033-recorded-n10-unprotected-r02.json,pr4-20260910T114905838802Z-e08b79801f9f,e08b79801f9f2c28ad050902700287df5c4968bf,1,pr4-protected-vs-unprotected-v1,recorded,33,10,2,16,1,pr4-level-1-recorded-unprotected,unprotected,,512,512,512,,,,,512,512,512,1,,1158.9083258312317,441795083,8.401625,10.70433575,8.401625,,,512,512,10,,0,0,0,0,false,true,,,,,5.0677915,1.639625,0.955458,6.5,1.588646,0.775646,0.6561875,1.5236875,0.801521,8.374833
034-recorded-n12-unprotected-r02.json,pr4-20260910T114905838802Z-e08b79801f9f,e08b79801f9f2c28ad050902700287df5c4968bf,1,pr4-protected-vs-unprotected-v1,recorded,34,12,2,17,0,pr4-level-2-recorded-unprotected,unprotected,,512,512,512,,,,,512,512,512,1,,1099.2721079562502,465762750,10.6297705,14.26296075,10.6297705,,,512,512,12,,0,0,0,0,false,true,,,,,6.447938,2.052604,1.21575,6.958,2.002959,0.9967085,0.8766035,1.959125,0.993416,10.6018335
035-recorded-n12-protected-r02.json,pr4-20260910T114905838802Z-e08b79801f9f,e08b79801f9f2c28ad050902700287df5c4968bf,1,pr4-protected-vs-unprotected-v1,recorded,35,12,2,17,1,pr4-level-2-recorded-protected,protected,8,512,512,512,512,8,504,8,8,512,8,0.015625,0.984375,386.49365085139476,20698917,0.001833,0.004792,20.042,20.0334165,20.4073351,512,8,9,8,0,0,0,0,false,true,4615252638106083,4615252645803583,true,7.6975,4.4961465,1.270167,1.377271,9.917,13.9272085,0.6887085,0.4930835,1.157979,0.5815415,20.0024165
036-recorded-n16-protected-r02.json,pr4-20260910T114905838802Z-e08b79801f9f,e08b79801f9f2c28ad050902700287df5c4968bf,1,pr4-protected-vs-unprotected-v1,recorded,36,16,2,18,0,pr4-level-3-recorded-protected,protected,8,512,512,512,512,8,504,8,8,512,8,0.015625,0.984375,371.20959621351363,21551167,0.00175,0.00225,20.710917,20.7023335,21.0340647,512,8,9,8,0,0,0,0,false,true,4615253812618791,4615253820338833,true,7.720042,5.2272915,1.394292,0.9115,8.625,13.730792,0.768104,0.7216045,1.315646,1.457958,20.6650625
037-recorded-n16-unprotected-r02.json,pr4-20260910T114905838802Z-e08b79801f9f,e08b79801f9f2c28ad050902700287df5c4968bf,1,pr4-protected-vs-unprotected-v1,recorded,37,16,2,18,1,pr4-level-3-recorded-unprotected,unprotected,,512,512,512,,,,,512,512,512,1,,1091.686664895149,468999042,14.285333,17.490152300000002,14.285333,,,512,512,16,,0,0,0,0,false,true,,,,,8.68975,2.7703955,1.619542,6.6665,2.6525835,1.3202705,1.2772085,2.719375,1.3540625,14.2600625
038-recorded-n32-unprotected-r02.json,pr4-20260910T114905838802Z-e08b79801f9f,e08b79801f9f2c28ad050902700287df5c4968bf,1,pr4-protected-vs-unprotected-v1,recorded,38,32,2,19,0,pr4-level-4-recorded-unprotected,unprotected,,512,512,512,,,,,512,512,512,1,,1114.188750455313,459527167,28.076104,35.7168455,28.076104,,,512,512,32,,0,0,0,0,false,true,,,,,16.790125,5.58325,2.749146,6.833,5.5116045,2.598542,2.5853955,5.2618125,2.557166,28.051708
039-recorded-n32-protected-r02.json,pr4-20260910T114905838802Z-e08b79801f9f,e08b79801f9f2c28ad050902700287df5c4968bf,1,pr4-protected-vs-unprotected-v1,recorded,39,32,2,19,1,pr4-level-4-recorded-protected,protected,8,512,512,512,512,8,504,8,8,512,8,0.015625,0.984375,316.7517112016273,25256375,0.001875,0.003954349999999999,24.446979,24.4377915,24.7332602,512,8,9,8,0,0,0,0,false,true,4615259083833041,4615259095587291,true,11.75425,5.392854,1.7505415,1.299875,9.396,17.0277915,1.019792,0.779,1.8235205,0.7446045,24.402458
040-recorded-n8-protected-r03.json,pr4-20260910T114905838802Z-e08b79801f9f,e08b79801f9f2c28ad050902700287df5c4968bf,1,pr4-protected-vs-unprotected-v1,recorded,40,8,3,20,0,pr4-level-0-recorded-protected,protected,8,512,512,512,512,512,0,512,512,512,512,1,0,1178.500086158254,434450541,6.536833,8.43930815,6.536833,6.5313125,8.4303625,512,512,8,8,0,0,0,0,false,true,,4615260195331666,,,4.027479,1.2145205,0.749042,6.5835,1.2214375,0.538125,0.453042,1.062979,0.5633335,6.5070415
041-recorded-n8-unprotected-r03.json,pr4-20260910T114905838802Z-e08b79801f9f,e08b79801f9f2c28ad050902700287df5c4968bf,1,pr4-protected-vs-unprotected-v1,recorded,41,8,3,20,1,pr4-level-0-recorded-unprotected,unprotected,,512,512,512,,,,,512,512,512,1,,1220.6488720505886,419449042,6.3649585,8.27128925,6.3649585,,,512,512,8,,0,0,0,0,false,true,,,,,3.9643125,1.184833,0.7162915,6.667,1.1109165,0.5260625,0.4605415,1.1080415,0.523292,6.340604
042-recorded-n10-unprotected-r03.json,pr4-20260910T114905838802Z-e08b79801f9f,e08b79801f9f2c28ad050902700287df5c4968bf,1,pr4-protected-vs-unprotected-v1,recorded,42,10,3,21,0,pr4-level-1-recorded-unprotected,unprotected,,512,512,512,,,,,512,512,512,1,,1168.9261983444978,438008833,8.3016455,10.89019795,8.3016455,,,512,512,10,,0,0,0,0,false,true,,,,,5.0672915,1.5980415,0.8891245,6.6045,1.5946875,0.727583,0.6439795,1.4872295,0.801583,8.2738955
043-recorded-n10-protected-r03.json,pr4-20260910T114905838802Z-e08b79801f9f,e08b79801f9f2c28ad050902700287df5c4968bf,1,pr4-protected-vs-unprotected-v1,recorded,43,10,3,21,1,pr4-level-1-recorded-protected,protected,8,512,512,512,512,8,504,8,8,512,8,0.015625,0.984375,345.53503941259044,23152500,0.001625,0.0018524499999999996,22.495,22.4657705,22.794869300000002,512,8,9,8,0,0,0,0,false,true,4615265965059083,4615265975849250,true,10.790167,4.591083,1.342354,1.108687,9.9795,16.2819375,0.8662295,0.712896,1.6501665,0.6284585,22.437896
044-recorded-n12-protected-r03.json,pr4-20260910T114905838802Z-e08b79801f9f,e08b79801f9f2c28ad050902700287df5c4968bf,1,pr4-protected-vs-unprotected-v1,recorded,44,12,3,22,0,pr4-level-2-recorded-protected,protected,8,512,512,512,512,8,504,8,8,512,8,0.015625,0.984375,375.17001063513186,21323666,0.001667,0.002625,20.4452495,20.4386465,21.09306875,512,8,9,8,0,0,0,0,false,true,4615267147329000,4615267155372375,true,8.043375,4.6142085,1.3245205,0.937375,10.2915,13.634646,0.8558125,0.8392915,1.2737085,0.8314165,20.408729
045-recorded-n12-unprotected-r03.json,pr4-20260910T114905838802Z-e08b79801f9f,e08b79801f9f2c28ad050902700287df5c4968bf,1,pr4-protected-vs-unprotected-v1,recorded,45,12,3,22,1,pr4-level-2-recorded-unprotected,unprotected,,512,512,512,,,,,512,512,512,1,,1143.5661283306783,447722250,10.3240835,12.6962715,10.3240835,,,512,512,12,,0,0,0,0,false,true,,,,,6.290208,1.9908755,1.1536665,6.542,1.978646,0.9660625,0.8823125,1.8773755,0.977208,10.2995
046-recorded-n16-unprotected-r03.json,pr4-20260910T114905838802Z-e08b79801f9f,e08b79801f9f2c28ad050902700287df5c4968bf,1,pr4-protected-vs-unprotected-v1,recorded,46,16,3,23,0,pr4-level-3-recorded-unprotected,unprotected,,512,512,512,,,,,512,512,512,1,,1116.124345407786,458730250,14.0425625,17.56713925,14.0425625,,,512,512,16,,0,0,0,0,false,true,,,,,8.407271,2.621354,1.5319795,6.709,2.670063,1.3485625,1.1812705,2.6726045,1.3148535,14.0171255
047-recorded-n16-protected-r03.json,pr4-20260910T114905838802Z-e08b79801f9f,e08b79801f9f2c28ad050902700287df5c4968bf,1,pr4-protected-vs-unprotected-v1,recorded,47,16,3,23,1,pr4-level-3-recorded-protected,protected,8,512,512,512,512,8,504,8,8,512,8,0.015625,0.984375,385.08980414573244,20774375,0.001666,0.004098249999999999,20.152583,20.1463335,20.25684155,512,8,9,8,0,0,0,0,false,true,4615272195391291,4615272204285333,true,8.894042,6.0465,1.9796045,1.5759585,7.979,12.686229,0.534521,0.709,1.671729,0.638521,20.0992705
048-recorded-n32-protected-r03.json,pr4-20260910T114905838802Z-e08b79801f9f,e08b79801f9f2c28ad050902700287df5c4968bf,1,pr4-protected-vs-unprotected-v1,recorded,48,32,3,24,0,pr4-level-4-recorded-protected,protected,8,512,512,512,512,8,504,8,8,512,8,0.015625,0.984375,414.37536513591743,19306167,0.001583,0.0028671499999999984,18.5902085,18.584229,19.06584605,512,8,9,8,0,0,0,0,false,true,4615273451326666,4615273458835500,true,7.508834,4.638438,1.239188,1.801083,8.521,12.5143755,0.7054585,0.6423125,1.013979,0.54675,18.5546665
049-recorded-n32-unprotected-r03.json,pr4-20260910T114905838802Z-e08b79801f9f,e08b79801f9f2c28ad050902700287df5c4968bf,1,pr4-protected-vs-unprotected-v1,recorded,49,32,3,24,1,pr4-level-4-recorded-unprotected,unprotected,,512,512,512,,,,,512,512,512,1,,1093.853095520726,468070166,28.5873545,36.88382065,28.5873545,,,512,512,32,,0,0,0,0,false,true,,,,,16.9522705,5.518792,2.8794375,6.875,5.418229,2.8182295,2.589479,5.416146,2.648562,28.5612085
050-recorded-n8-unprotected-r04.json,pr4-20260910T114905838802Z-e08b79801f9f,e08b79801f9f2c28ad050902700287df5c4968bf,1,pr4-protected-vs-unprotected-v1,recorded,50,8,4,25,0,pr4-level-0-recorded-unprotected,unprotected,,512,512,512,,,,,512,512,512,1,,1160.0187739069645,441372167,6.613146,9.174508699999999,6.613146,,,512,512,8,,0,0,0,0,false,true,,,,,4.084292,1.228771,0.7299795,6.5835,1.195708,0.5818545,0.4790415,1.140354,0.5743545,6.586625
051-recorded-n8-protected-r04.json,pr4-20260910T114905838802Z-e08b79801f9f,e08b79801f9f2c28ad050902700287df5c4968bf,1,pr4-protected-vs-unprotected-v1,recorded,51,8,4,25,1,pr4-level-0-recorded-protected,protected,8,512,512,512,512,512,0,512,512,512,512,1,0,1174.963972322971,435758042,6.627021,8.575925,6.627021,6.6216875,8.57115395,512,512,8,8,0,0,0,0,false,true,,4615278682998583,,,4.034646,1.1947085,0.723896,6.4795,1.1438125,0.5439375,0.4816255,1.099667,0.560292,6.596458
052-recorded-n10-protected-r04.json,pr4-20260910T114905838802Z-e08b79801f9f,e08b79801f9f2c28ad050902700287df5c4968bf,1,pr4-protected-vs-unprotected-v1,recorded,52,10,4,26,0,pr4-level-1-recorded-protected,protected,8,512,512,512,512,8,504,8,8,512,8,0.015625,0.984375,361.0386576727123,22158292,0.001708,0.002167,21.361292,21.354625,21.57984605,512,8,9,8,0,0,0,0,false,true,4615280666823250,4615280675542000,true,8.71875,5.0050835,1.2638335,1.2244375,10.375,14.6963335,0.9164795,0.7312705,1.4314375,0.628333,21.321292
053-recorded-n10-unprotected-r04.json,pr4-20260910T114905838802Z-e08b79801f9f,e08b79801f9f2c28ad050902700287df5c4968bf,1,pr4-protected-vs-unprotected-v1,recorded,53,10,4,26,1,pr4-level-1-recorded-unprotected,unprotected,,512,512,512,,,,,512,512,512,1,,1151.891002313906,444486500,8.359834,10.9210561,8.359834,,,512,512,10,,0,0,0,0,false,true,,,,,5.1060415,1.6323125,0.9501455,6.584,1.577375,0.7576875,0.7014795,1.528271,0.773667,8.3302915
054-recorded-n12-unprotected-r04.json,pr4-20260910T114905838802Z-e08b79801f9f,e08b79801f9f2c28ad050902700287df5c4968bf,1,pr4-protected-vs-unprotected-v1,recorded,54,12,4,27,0,pr4-level-2-recorded-unprotected,unprotected,,512,512,512,,,,,512,512,512,1,,1107.346361775139,462366625,10.6284795,12.93257065,10.6284795,,,512,512,12,,0,0,0,0,false,true,,,,,6.4088125,1.996084,1.1853545,6.5,2.0844375,0.9868125,0.8913335,1.978729,0.984479,10.601729
055-recorded-n12-protected-r04.json,pr4-20260910T114905838802Z-e08b79801f9f,e08b79801f9f2c28ad050902700287df5c4968bf,1,pr4-protected-vs-unprotected-v1,recorded,55,12,4,27,1,pr4-level-2-recorded-protected,protected,8,512,512,512,512,8,504,8,8,512,8,0.015625,0.984375,341.0096015515937,23459750,0.001709,0.002042,22.741166,22.7335,22.89579605,512,8,9,8,0,0,0,0,false,true,4615285708042583,4615285718742583,true,10.7,5.551958,1.835292,1.331521,10.187,15.5152295,0.876854,0.665041,1.8434165,0.652187,22.7007085
056-recorded-n16-protected-r04.json,pr4-20260910T114905838802Z-e08b79801f9f,e08b79801f9f2c28ad050902700287df5c4968bf,1,pr4-protected-vs-unprotected-v1,recorded,56,16,4,28,0,pr4-level-3-recorded-protected,protected,8,512,512,512,512,8,504,8,8,512,8,0.015625,0.984375,409.626216077829,19530000,0.001708,0.0043939,18.837729,18.8312085,19.22041645,512,8,9,8,0,0,0,0,false,true,4615286907881416,4615286915494291,true,7.612875,4.088708,1.469437,0.643354,8.0415,12.8221875,1.158,0.7219375,1.239292,0.7534165,18.8036045
057-recorded-n16-unprotected-r04.json,pr4-20260910T114905838802Z-e08b79801f9f,e08b79801f9f2c28ad050902700287df5c4968bf,1,pr4-protected-vs-unprotected-v1,recorded,57,16,4,28,1,pr4-level-3-recorded-unprotected,unprotected,,512,512,512,,,,,512,512,512,1,,1030.2064789323279,496987750,15.265875,19.0704035,15.265875,,,512,512,16,,0,0,0,0,false,true,,,,,9.1975,2.955687,1.7409795,7.417,2.895521,1.4021875,1.299542,2.81925,1.4455625,15.2389165
058-recorded-n32-unprotected-r04.json,pr4-20260910T114905838802Z-e08b79801f9f,e08b79801f9f2c28ad050902700287df5c4968bf,1,pr4-protected-vs-unprotected-v1,recorded,58,32,4,29,0,pr4-level-4-recorded-unprotected,unprotected,,512,512,512,,,,,512,512,512,1,,1060.613344162306,482739542,29.602708,37.1409898,29.602708,,,512,512,32,,0,0,0,0,false,true,,,,,17.6459165,5.5734785,3.0659795,7.25,5.6210625,2.805333,2.571333,5.4875,2.6939165,29.57575
059-recorded-n32-protected-r04.json,pr4-20260910T114905838802Z-e08b79801f9f,e08b79801f9f2c28ad050902700287df5c4968bf,1,pr4-protected-vs-unprotected-v1,recorded,59,32,4,29,1,pr4-level-4-recorded-protected,protected,8,512,512,512,512,8,504,8,8,512,8,0.015625,0.984375,343.7213663989851,23274666,0.001667,0.002084,22.6077915,22.6012295,23.0115331,512,8,9,8,0,0,0,0,false,true,4615292410263375,4615292421699083,true,11.435708,4.5038545,1.28225,1.1470205,9.6665,16.0208335,1.083375,0.7123335,1.619729,0.676646,22.5761665
060-recorded-n8-protected-r05.json,pr4-20260910T114905838802Z-e08b79801f9f,e08b79801f9f2c28ad050902700287df5c4968bf,1,pr4-protected-vs-unprotected-v1,recorded,60,8,5,30,0,pr4-level-0-recorded-protected,protected,8,512,512,512,512,512,0,512,512,512,512,1,0,1195.7447126329089,428185042,6.467625,8.505129349999999,6.467625,6.4626875,8.499592,512,512,8,8,0,0,0,0,false,true,,4615293592413500,,,3.9889585,1.2228545,0.727083,6.6045,1.1318125,0.5439585,0.471875,1.1020835,0.530313,6.423354
061-recorded-n8-unprotected-r05.json,pr4-20260910T114905838802Z-e08b79801f9f,e08b79801f9f2c28ad050902700287df5c4968bf,1,pr4-protected-vs-unprotected-v1,recorded,61,8,5,30,1,pr4-level-0-recorded-unprotected,unprotected,,512,512,512,,,,,512,512,512,1,,1176.0895481932555,435341000,6.667604,8.618172699999999,6.667604,,,512,512,8,,0,0,0,0,false,true,,,,,4.0840835,1.2371665,0.759083,6.5205,1.1813535,0.5408335,0.4736875,1.1323125,0.5569995,6.643438
062-recorded-n10-unprotected-r05.json,pr4-20260910T114905838802Z-e08b79801f9f,e08b79801f9f2c28ad050902700287df5c4968bf,1,pr4-protected-vs-unprotected-v1,recorded,62,10,5,31,0,pr4-level-1-recorded-unprotected,unprotected,,512,512,512,,,,,512,512,512,1,,1177.6588682226752,434760875,8.333875,10.54700815,8.333875,,,512,512,10,,0,0,0,0,false,true,,,,,5.0444165,1.5890415,0.916042,6.709,1.590354,0.7499795,0.654021,1.513812,0.7476665,8.2953335
063-recorded-n10-protected-r05.json,pr4-20260910T114905838802Z-e08b79801f9f,e08b79801f9f2c28ad050902700287df5c4968bf,1,pr4-protected-vs-unprotected-v1,recorded,63,10,5,31,1,pr4-level-1-recorded-protected,protected,8,512,512,512,512,8,504,8,8,512,8,0.015625,0.984375,359.49469066785036,22253458,0.001584,0.001958,21.6585205,21.6535,22.00798795,512,8,9,8,0,0,0,0,false,true,4615299512969500,4615299523228916,true,10.259416,5.1427085,1.346271,1.694146,7.9795,14.485271,0.6750415,1.090375,1.5360415,0.54075,21.6206875
064-recorded-n12-protected-r05.json,pr4-20260910T114905838802Z-e08b79801f9f,e08b79801f9f2c28ad050902700287df5c4968bf,1,pr4-protected-vs-unprotected-v1,recorded,64,12,5,32,0,pr4-level-2-recorded-protected,protected,8,512,512,512,512,8,504,8,8,512,8,0.015625,0.984375,371.1615286621603,21553958,0.001792,0.004666,20.9396045,20.9321665,21.256558100000003,512,8,9,8,0,0,0,0,false,true,4615300676934458,4615300685933333,true,8.998875,5.300229,1.3681665,0.8411045,10.521,12.8298545,1.8763745,0.5379165,2.2365835,0.5936875,20.902396
065-recorded-n12-unprotected-r05.json,pr4-20260910T114905838802Z-e08b79801f9f,e08b79801f9f2c28ad050902700287df5c4968bf,1,pr4-protected-vs-unprotected-v1,recorded,65,12,5,32,1,pr4-level-2-recorded-unprotected,unprotected,,512,512,512,,,,,512,512,512,1,,1087.5807885863494,470769625,10.7866875,13.471135199999999,10.7866875,,,512,512,12,,0,0,0,0,false,true,,,,,6.5898335,2.044438,1.2035005,6.8125,2.027979,1.0149795,0.925458,2.026229,1.0552495,10.758146
066-recorded-n16-unprotected-r05.json,pr4-20260910T114905838802Z-e08b79801f9f,e08b79801f9f2c28ad050902700287df5c4968bf,1,pr4-protected-vs-unprotected-v1,recorded,66,16,5,33,0,pr4-level-3-recorded-unprotected,unprotected,,512,512,512,,,,,512,512,512,1,,1114.8338772321854,459261250,13.9907085,18.23334185,13.9907085,,,512,512,16,,0,0,0,0,false,true,,,,,8.483021,2.780271,1.528396,6.625,2.698208,1.261792,1.214083,2.5834585,1.3351665,13.9639375
067-recorded-n16-protected-r05.json,pr4-20260910T114905838802Z-e08b79801f9f,e08b79801f9f2c28ad050902700287df5c4968bf,1,pr4-protected-vs-unprotected-v1,recorded,67,16,5,33,1,pr4-level-3-recorded-protected,protected,8,512,512,512,512,8,504,8,8,512,8,0.015625,0.984375,434.4972809431719,18412083,0.001459,0.0029791999999999952,17.7815005,17.758125,18.032252399999997,512,8,9,8,0,0,0,0,false,true,4615305794445458,4615305802274791,true,7.829333,4.872271,1.6863335,0.756854,7.2915,11.628792,0.6762505,0.4662705,1.7011665,0.5955415,17.7283335
068-recorded-n32-protected-r05.json,pr4-20260910T114905838802Z-e08b79801f9f,e08b79801f9f2c28ad050902700287df5c4968bf,1,pr4-protected-vs-unprotected-v1,recorded,68,32,5,34,0,pr4-level-4-recorded-protected,protected,8,512,512,512,512,8,504,8,8,512,8,0.015625,0.984375,345.4796940207268,23156209,0.001917,0.002579349999999999,22.256583,22.246375,22.6811057,512,8,10,8,0,0,0,0,false,true,4615307086989166,4615307095492000,true,8.502834,4.872146,1.5469585,0.8151875,10.6665,14.888583,0.9734585,0.889791,1.708625,0.6847085,22.20125
069-recorded-n32-unprotected-r05.json,pr4-20260910T114905838802Z-e08b79801f9f,e08b79801f9f2c28ad050902700287df5c4968bf,1,pr4-protected-vs-unprotected-v1,recorded,69,32,5,34,1,pr4-level-4-recorded-unprotected,unprotected,,512,512,512,,,,,512,512,512,1,,1108.2518957768834,461988833,28.3225625,35.76622485,28.3225625,,,512,512,32,,0,0,0,0,false,true,,,,,16.8429585,5.3588545,2.845563,6.8125,5.4049375,2.652479,2.4255415,5.26025,2.7085,28.295875
